"","x"
"X103post","post"
"X103pre","pre"
"X104post","post"
"X104pre","pre"
"X107post","post"
"X107pre","pre"
"X109post","post"
"X109pre","pre"
"X111post","post"
"X111pre","pre"
"X116post","post"
"X116pre","pre"
"X118post","post"
"X118pre","pre"
"X119post","post"
"X119pre","pre"
"X123post","post"
"X123pre","pre"
"X124post","post"
"X124pre","pre"
"X127post","post"
"X127pre","pre"
"X130post","post"
"X130pre","pre"
"X133post","post"
"X133pre","pre"
"X138post","post"
"X138pre","pre"
"X139post","post"
"X139pre","pre"
"X140post","post"
"X140pre","pre"
